<application>
  <component name="ConsoleFoldingSettings">
    <option name="addedPositive">
      <list>
        <option value="D/FA:" />
        <option value="D/OnePlusJankManager:" />
        <option value="E/libc: Access denied" />
        <option value="I/FA:" />
        <option value="I/FirebaseAuth:" />
        <option value="I/FirebaseCrash:" />
        <option value="I/FirebaseCrashApiImpl" />
        <option value="W/dio.works.duul:" />
        <option value="W/dio.works.duuly:" />
        <option value="W/DynamiteModule:" />
        <option value="works.duuly V/" />
        <option value="ChromeDevtoolsServer" />
      </list>
    </option>
  </component>
</application>